{"cameraMode":{"drawMode":0,"name":"Shaded","section":"Shading Mode"},"sceneLighting":false,"audioPlay":false,"sceneViewState":{"m_AlwaysRefresh":false,"showFog":true,"showSkybox":false,"showFlares":true,"showImageEffects":true,"showParticleSystems":true,"showVisualEffectGraphs":true,"m_FxEnabled":true},"in2DMode":false,"pivot":{"x":-0.0017394423484802247,"y":0.22304971516132356,"z":7.748603820800781e-7},"rotation":{"x":0.013143717311322689,"y":0.8869124054908752,"z":-0.025283852592110635,"w":0.46105796098709109},"size":0.439335435628891,"orthographic":true}