{"cameraMode":{"drawMode":0,"name":"Shaded","section":"Shading Mode"},"sceneLighting":false,"audioPlay":false,"sceneViewState":{"m_AlwaysRefresh":false,"showFog":true,"showSkybox":false,"showFlares":true,"showImageEffects":true,"showParticleSystems":true,"showVisualEffectGraphs":true,"m_FxEnabled":true},"in2DMode":false,"pivot":{"x":3.893510341644287,"y":-2.3465840816497804,"z":-0.004545450210571289},"rotation":{"x":0.28474780917167666,"y":-0.5349588394165039,"z":0.19770373404026032,"w":0.770487904548645},"size":5.633672714233398,"orthographic":false}