{"cameraMode":{"drawMode":0,"name":"Shaded","section":"Shading Mode"},"sceneLighting":false,"audioPlay":false,"sceneViewState":{"m_AlwaysRefresh":false,"showFog":true,"showSkybox":false,"showFlares":true,"showImageEffects":true,"showParticleSystems":true,"showVisualEffectGraphs":true,"m_FxEnabled":true},"in2DMode":false,"pivot":{"x":-1.24801766872406,"y":0.8305959701538086,"z":-4.282725811004639},"rotation":{"x":0.00004242494469508529,"y":-0.9997251033782959,"z":0.02339583821594715,"w":0.0017957984237000347},"size":0.33007878065109255,"orthographic":true}