{"cameraMode":{"drawMode":0,"name":"Shaded","section":"Shading Mode"},"sceneLighting":false,"audioPlay":false,"sceneViewState":{"m_AlwaysRefresh":false,"showFog":true,"showSkybox":false,"showFlares":true,"showImageEffects":true,"showParticleSystems":true,"showVisualEffectGraphs":true,"m_FxEnabled":true},"in2DMode":false,"pivot":{"x":0.1227196455001831,"y":0.02703109383583069,"z":-0.16507136821746827},"rotation":{"x":0.13349796831607819,"y":-0.1259983628988266,"z":0.01711452007293701,"w":0.9828614592552185},"size":0.60172039270401,"orthographic":true}