{"cameraMode":{"drawMode":0,"name":"Shaded","section":"Shading Mode"},"sceneLighting":false,"audioPlay":false,"sceneViewState":{"m_AlwaysRefresh":false,"showFog":true,"showSkybox":false,"showFlares":true,"showImageEffects":true,"showParticleSystems":true,"showVisualEffectGraphs":true,"m_FxEnabled":true},"in2DMode":false,"pivot":{"x":8.469388961791993,"y":0.39189910888671877,"z":0.12101864814758301},"rotation":{"x":0.07646271586418152,"y":0.8646135330200195,"z":-0.476841002702713,"w":0.13864360749721528},"size":2.901393175125122,"orthographic":false}