{"cameraMode":{"drawMode":0,"name":"Shaded","section":"Shading Mode"},"sceneLighting":false,"audioPlay":false,"sceneViewState":{"m_AlwaysRefresh":false,"showFog":true,"showSkybox":false,"showFlares":true,"showImageEffects":true,"showParticleSystems":true,"showVisualEffectGraphs":true,"m_FxEnabled":true},"in2DMode":false,"pivot":{"x":10.544843673706055,"y":3.2176637649536135,"z":13.867877006530762},"rotation":{"x":-0.004673132672905922,"y":-0.9944972991943359,"z":-0.050763629376888278,"w":0.09154818207025528},"size":1.961039423942566,"orthographic":true}