{"cameraMode":{"drawMode":0,"name":"Shaded","section":"Shading Mode"},"sceneLighting":false,"audioPlay":false,"sceneViewState":{"m_AlwaysRefresh":false,"showFog":true,"showSkybox":false,"showFlares":true,"showImageEffects":true,"showParticleSystems":true,"showVisualEffectGraphs":true,"m_FxEnabled":true},"in2DMode":false,"pivot":{"x":-0.40336960554122927,"y":0.6774845719337463,"z":-1.4901161193847657e-8},"rotation":{"x":0.27185189723968508,"y":0.023093409836292268,"z":-0.0065257190726697449,"w":0.962040901184082},"size":1.972285509109497,"orthographic":true}