{"cameraMode":{"drawMode":0,"name":"Shaded","section":"Shading Mode"},"sceneLighting":false,"audioPlay":false,"sceneViewState":{"m_AlwaysRefresh":false,"showFog":true,"showSkybox":false,"showFlares":true,"showImageEffects":true,"showParticleSystems":true,"showVisualEffectGraphs":true,"m_FxEnabled":true},"in2DMode":false,"pivot":{"x":0.003921538591384888,"y":0.03497843071818352,"z":-0.000004246830940246582},"rotation":{"x":-0.22866104543209077,"y":0.592416524887085,"z":-0.1803390234708786,"w":-0.7511559128761292},"size":0.16065029799938203,"orthographic":false}