{"cameraMode":{"drawMode":0,"name":"Shaded","section":"Shading Mode"},"sceneLighting":false,"audioPlay":false,"sceneViewState":{"m_AlwaysRefresh":false,"showFog":true,"showSkybox":false,"showFlares":true,"showImageEffects":true,"showParticleSystems":true,"showVisualEffectGraphs":true,"m_FxEnabled":true},"in2DMode":false,"pivot":{"x":0.0017610453069210053,"y":0.12500284612178803,"z":0.0004348158836364746},"rotation":{"x":0.44532400369644167,"y":-0.15755261480808259,"z":0.0799320861697197,"w":0.8777672052383423},"size":0.140165776014328,"orthographic":false}