{"cameraMode":{"drawMode":0,"name":"Shaded","section":"Shading Mode"},"sceneLighting":false,"audioPlay":false,"sceneViewState":{"m_AlwaysRefresh":false,"showFog":true,"showSkybox":false,"showFlares":true,"showImageEffects":true,"showParticleSystems":true,"showVisualEffectGraphs":true,"m_FxEnabled":true},"in2DMode":false,"pivot":{"x":-0.002394923474639654,"y":0.0190440621227026,"z":0.052062615752220157},"rotation":{"x":0.13245901465415955,"y":-0.026758698746562005,"z":0.0035776260774582626,"w":0.9908223152160645},"size":0.09326544404029846,"orthographic":false}