{"cameraMode":{"drawMode":0,"name":"Shaded","section":"Shading Mode"},"sceneLighting":false,"audioPlay":false,"sceneViewState":{"m_AlwaysRefresh":false,"showFog":true,"showSkybox":false,"showFlares":true,"showImageEffects":true,"showParticleSystems":true,"showVisualEffectGraphs":true,"m_FxEnabled":true},"in2DMode":false,"pivot":{"x":-0.1876366138458252,"y":0.17270147800445558,"z":0.03229634463787079},"rotation":{"x":0.02859792672097683,"y":-0.8634690642356873,"z":0.049271110445261,"w":0.5011745691299439},"size":1.084391474723816,"orthographic":true}