{"cameraMode":{"drawMode":0,"name":"Shaded","section":"Shading Mode"},"sceneLighting":false,"audioPlay":false,"sceneViewState":{"m_AlwaysRefresh":false,"showFog":true,"showSkybox":false,"showFlares":true,"showImageEffects":true,"showParticleSystems":true,"showVisualEffectGraphs":true,"m_FxEnabled":true},"in2DMode":false,"pivot":{"x":-3.007249355316162,"y":0.7506881356239319,"z":-3.7946903705596926},"rotation":{"x":0.12198968976736069,"y":-0.6172217726707459,"z":0.09764312207698822,"w":0.7711176872253418},"size":0.3441488742828369,"orthographic":true}