{"cameraMode":{"drawMode":0,"name":"Shaded","section":"Shading Mode"},"sceneLighting":false,"audioPlay":false,"sceneViewState":{"m_AlwaysRefresh":false,"showFog":true,"showSkybox":false,"showFlares":true,"showImageEffects":true,"showParticleSystems":true,"showVisualEffectGraphs":true,"m_FxEnabled":true},"in2DMode":false,"pivot":{"x":-1.3952217102050782,"y":1.380916714668274,"z":-2.7811968326568605},"rotation":{"x":0.048063211143016818,"y":0.9517475962638855,"z":-0.22384949028491975,"w":0.20435041189193726},"size":1.5532573461532593,"orthographic":false}