{"cameraMode":{"drawMode":0,"name":"Shaded","section":"Shading Mode"},"sceneLighting":false,"audioPlay":false,"sceneViewState":{"m_AlwaysRefresh":false,"showFog":true,"showSkybox":false,"showFlares":true,"showImageEffects":true,"showParticleSystems":true,"showVisualEffectGraphs":true,"m_FxEnabled":true},"in2DMode":false,"pivot":{"x":0.0009133517742156982,"y":0.1863270103931427,"z":-0.018851757049560548},"rotation":{"x":0.2519731819629669,"y":0.36185309290885928,"z":-0.10225170850753784,"w":0.8916939496994019},"size":1.0719208717346192,"orthographic":true}