{"cameraMode":{"drawMode":0,"name":"Shaded","section":"Shading Mode"},"sceneLighting":false,"audioPlay":false,"sceneViewState":{"m_AlwaysRefresh":false,"showFog":true,"showSkybox":false,"showFlares":true,"showImageEffects":true,"showParticleSystems":true,"showVisualEffectGraphs":true,"m_FxEnabled":true},"in2DMode":false,"pivot":{"x":0.01312306523323059,"y":-0.0030255019664764406,"z":0.01639348827302456},"rotation":{"x":0.05801871418952942,"y":0.6892211437225342,"z":-0.055531859397888187,"w":0.7200871109962463},"size":0.7871109247207642,"orthographic":true}