{"cameraMode":{"drawMode":0,"name":"Shaded","section":"Shading Mode"},"sceneLighting":false,"audioPlay":false,"sceneViewState":{"m_AlwaysRefresh":false,"showFog":true,"showSkybox":false,"showFlares":true,"showImageEffects":true,"showParticleSystems":true,"showVisualEffectGraphs":true,"m_FxEnabled":true},"in2DMode":false,"pivot":{"x":-0.00020275264978408813,"y":0.033549293875694278,"z":-0.06675028800964356},"rotation":{"x":0.07276394218206406,"y":-0.7157560586929321,"z":0.07543178647756577,"w":0.6904412508010864},"size":0.34065333008766177,"orthographic":true}