{"cameraMode":{"drawMode":0,"name":"Shaded","section":"Shading Mode"},"sceneLighting":false,"audioPlay":false,"sceneViewState":{"m_AlwaysRefresh":false,"showFog":true,"showSkybox":false,"showFlares":true,"showImageEffects":true,"showParticleSystems":true,"showVisualEffectGraphs":true,"m_FxEnabled":true},"in2DMode":false,"pivot":{"x":-0.18936097621917725,"y":-0.005007356405258179,"z":0.3810759484767914},"rotation":{"x":-0.019087769091129304,"y":-0.4166865646839142,"z":-0.008751707151532174,"w":0.9088077545166016},"size":0.8884766101837158,"orthographic":true}