{"cameraMode":{"drawMode":0,"name":"Shaded","section":"Shading Mode"},"sceneLighting":false,"audioPlay":false,"sceneViewState":{"m_AlwaysRefresh":false,"showFog":true,"showSkybox":false,"showFlares":true,"showImageEffects":true,"showParticleSystems":true,"showVisualEffectGraphs":true,"m_FxEnabled":true},"in2DMode":false,"pivot":{"x":0.04487541317939758,"y":-0.05206112936139107,"z":0.024541780352592469},"rotation":{"x":0.11396695673465729,"y":-0.864189624786377,"z":0.22665755450725556,"w":0.4345291554927826},"size":1.360743761062622,"orthographic":true}