{"cameraMode":{"drawMode":0,"name":"Shaded","section":"Shading Mode"},"sceneLighting":false,"audioPlay":false,"sceneViewState":{"m_AlwaysRefresh":false,"showFog":true,"showSkybox":false,"showFlares":true,"showImageEffects":true,"showParticleSystems":true,"showVisualEffectGraphs":true,"m_FxEnabled":true},"in2DMode":false,"pivot":{"x":-2.5338454246520998,"y":0.7631122469902039,"z":-1.6122251749038697},"rotation":{"x":0.11816105246543884,"y":-0.8561638593673706,"z":0.44997841119766238,"w":0.22482319176197053},"size":0.41201335191726687,"orthographic":false}