{"cameraMode":{"drawMode":0,"name":"Shaded","section":"Shading Mode"},"sceneLighting":false,"audioPlay":false,"sceneViewState":{"m_AlwaysRefresh":false,"showFog":true,"showSkybox":false,"showFlares":true,"showImageEffects":true,"showParticleSystems":true,"showVisualEffectGraphs":true,"m_FxEnabled":true},"in2DMode":false,"pivot":{"x":-2.913296937942505,"y":0.7102392911911011,"z":-1.609576940536499},"rotation":{"x":0.21877744793891908,"y":-0.5234569907188416,"z":0.14115719497203828,"w":0.8112978339195252},"size":0.33106741309165957,"orthographic":false}